id,author,timestamp,text,url,favoriteCount,retweetCount,replyCount,viewCount
1777123043761877224,IanRapoport,Sun Apr 07 23:55:25 +0000 2024,RT @Auto2000ID: @fomobullclub @bitgetglobal @BitMartExchange @LBank_Exchange @MEXC_Official @Uniswap Get your tokens at pre-TGE prices befo‚Ä¶,https://x.com/IanRapoport/status/1777123043761877224,,1379,377,33594
1776997842499850259,IanRapoport,Sun Apr 07 15:37:55 +0000 2024,"RT @TyronMcDaniel: @OxDnifty @0xDnifty Thanks guys ! 

My alien is on fire too üëΩ

Just minted on #Base https://t.co/Q0c0VIaAe8",https://x.com/IanRapoport/status/1776997842499850259,,315,61,7792
1776987230206058931,IanRapoport,Sun Apr 07 14:55:45 +0000 2024,"RT @TyronMcDaniel: @0xDnifty @base Alien 3D's üëΩ are going nuts !!

Mint yours until it's not too late ‚§µÔ∏è

https://t.co/mYi2thMItk",https://x.com/IanRapoport/status/1776987230206058931,,1044,52,28581
1776755572756336770,IanRapoport,Sat Apr 06 23:35:13 +0000 2024,Tao Accounting System Buy! @gelatin_files @ktpkrd1212 @cherpauibnz @chionkyu @ingriedalexia @christiadolores @arianaa033,https://x.com/IanRapoport/status/1776755572756336770,,,,301
1776689824830788008,IanRapoport,Sat Apr 06 19:13:58 +0000 2024,"RT @Auto2000ID: @LaunchOnTaoPad Sale ends Monday.

Hurry up, spots are limited !

‚Üí https://t.co/RYXJoRcBGd

$TTRADE #TaoPad https://t.co/Z‚Ä¶",https://x.com/IanRapoport/status/1776689824830788008,,1509,67,77413
1776606419577344485,IanRapoport,Sat Apr 06 13:42:32 +0000 2024,"RT @Auto2000ID: @LaunchOnTaoPad The $TTrade Presale is live!

Hurry up, spots are limited üëá

‚Üí https://t.co/NDMx2P7iN5 https://t.co/KZ85fYx‚Ä¶",https://x.com/IanRapoport/status/1776606419577344485,,2964,252,18418
1776600234031771839,IanRapoport,Sat Apr 06 13:17:58 +0000 2024,"RT @TaosPadX: @LaunchOnTaoPad @TaoTradeX The $TTrade Presale is live!

Hurry up, spots are limited üëá

‚Üí https://t.co/1DaNeP2mDF https://t.c‚Ä¶",https://x.com/IanRapoport/status/1776600234031771839,,200,258,5602
1775933857738420592,IanRapoport,Thu Apr 04 17:10:01 +0000 2024,"RT @DharamSeva: @GAM3Sgg_ @polkastarter Airdrop NOW LIVE!

Eligible holders can now claim their $G3!

Claim here! $G3 üëá
https://t.co/QsWC7W‚Ä¶",https://x.com/IanRapoport/status/1775933857738420592,,1703,1034,26743
1752027335727943753,IanRapoport,Mon Jan 29 17:54:02 +0000 2024,RT @AuliaZanuti: @wenwencoin Wen are rewards live?,https://x.com/IanRapoport/status/1752027335727943753,,1849,408,44566
1957618081276309859,AdamSchefter,Tue Aug 19 01:38:16 +0000 2025,Mitchell Tinsley earning a roster spot tonight: https://t.co/i14odsAn26,https://x.com/AdamSchefter/status/1957618081276309859,,199,86,373969
1957590442851057980,AdamSchefter,Mon Aug 18 23:48:26 +0000 2025,Preseason Week 2 closes out  tonight on ESPN: https://t.co/yBtIdGOW28,https://x.com/AdamSchefter/status/1957590442851057980,,89,69,358987
1957586902300717307,AdamSchefter,Mon Aug 18 23:34:22 +0000 2025,"Commanders running back Brian Robinson Jr. will not play in Monday night's preseason game against the Cincinnati Bengals, possibly signaling the end of his tenure with the franchise after three seasons.

Story via @john_keim:

https://t.co/ZaPMpIDHjk",https://x.com/AdamSchefter/status/1957586902300717307,,105,105,963685
1957586539300504007,AdamSchefter,Mon Aug 18 23:32:55 +0000 2025,"Tempers flared during a 96-degree day at Tennessee Titans training camp as quarterback Cam Ward and defensive lineman Jeffery Simmons got into a scuffle Monday, via @TDavenport_NFL:

https://t.co/udDfpgBAsf",https://x.com/AdamSchefter/status/1957586539300504007,,177,149,1088889
1957550548011614358,AdamSchefter,Mon Aug 18 21:09:54 +0000 2025,"A PSA heading into tonight‚Äôs Monday Night Football matchup between Cincinnati and Washington: Commanders RB Jacory Croskey-Merritt prefers to be called Bill. Some still will use Jacory, but on broadcasts he could be called Bill Croskey-Merritt. https://t.co/VqQgkvTv7y",https://x.com/AdamSchefter/status/1957550548011614358,,262,323,1592719
1957544251576795620,AdamSchefter,Mon Aug 18 20:44:53 +0000 2025,There‚Äôs an increasing feeling that the Browns will carry four quarterbacks on their 53-man roster. https://t.co/tGwr4tvXOS,https://x.com/AdamSchefter/status/1957544251576795620,,188,283,643482
1957542347140472845,AdamSchefter,Mon Aug 18 20:37:19 +0000 2025,Trade official: Eagles have acquired WR John Metchie III and a 2026 6th-round pick from the Texans in exchange for TE Harrison Bryant and a 2026 5th-round pick.,https://x.com/AdamSchefter/status/1957542347140472845,,135,103,494225
1957539738023342241,AdamSchefter,Mon Aug 18 20:26:57 +0000 2025,"RT @ByNateTaylor: Felix Anudike-Uzomah, the Chiefs' 1st-round pick in 2023, will be placed on injured reserve with a right strained hamstri‚Ä¶",https://x.com/AdamSchefter/status/1957539738023342241,,81,70,408904
1957524957514408028,AdamSchefter,Mon Aug 18 19:28:13 +0000 2025,Dolphins injury update:,https://x.com/AdamSchefter/status/1957524957514408028,,51,71,902942
1957511643270902108,AdamSchefter,Mon Aug 18 18:35:19 +0000 2025,"More about Joe Flacco opening the season as the Cleveland Browns‚Äô starting quarterback, via @DanielOyefusi:

https://t.co/MRezXPmzW3",https://x.com/AdamSchefter/status/1957511643270902108,,38,70,665938
1957511091199807957,AdamSchefter,Mon Aug 18 18:33:07 +0000 2025,"RT @billbarnwell: New (free) column: The five teams most likely to improve in 2025! 

https://t.co/vKwuM985Gk",https://x.com/AdamSchefter/status/1957511091199807957,,32,22,595822
1957497130261835879,AdamSchefter,Mon Aug 18 17:37:39 +0000 2025,"Though Cleveland second-round pick Quinshon Judkins will not face any charges, he and the Browns still have been unable to reach a deal and may not until the end of any NFL investigation. https://t.co/QzbE6j8tsK",https://x.com/AdamSchefter/status/1957497130261835879,,307,194,1320990
1957496356186255646,AdamSchefter,Mon Aug 18 17:34:34 +0000 2025,"Browns schedule to start the season:

üèàWeek 1: Bengals
üèàWeek 2: @ Ravens
üèàWeek 3: Packers
üèàWeek 4: @ Lions
üèàWeek 5: Vikings (in London)
üèàWeek 6: @ Steelers",https://x.com/AdamSchefter/status/1957496356186255646,,164,679,1292205
1957493155621638389,AdamSchefter,Mon Aug 18 17:21:51 +0000 2025,"Former Jaguars and Bills WR Gabe Davis is flying back to Pittsburgh today and is scheduled to visit the Steelers on Tuesday for a second time this off-season, per source. Steelers continue seeking WR help. https://t.co/buVwZXmOd0",https://x.com/AdamSchefter/status/1957493155621638389,,419,219,1202288
1957487663503839425,AdamSchefter,Mon Aug 18 17:00:01 +0000 2025,Sources: Browns are naming Joe Flacco as their Week 1 starting quarterback vs. the Cincinnati Bengals. https://t.co/XND3YQ0NrC,https://x.com/AdamSchefter/status/1957487663503839425,,952,1012,4339382
1957479191483503088,AdamSchefter,Mon Aug 18 16:26:22 +0000 2025,Matthew Stafford is back at practice. https://t.co/oIw1RS5q7T,https://x.com/AdamSchefter/status/1957479191483503088,,216,182,704505
1957456203392393356,AdamSchefter,Mon Aug 18 14:55:01 +0000 2025,"Steelers are signing former Oregon CB Kam Alexander, whom the Seahawks released last week.",https://x.com/AdamSchefter/status/1957456203392393356,,191,80,642614
1957454503956869181,AdamSchefter,Mon Aug 18 14:48:16 +0000 2025,Falcons now have released WR DJ Chark and waived/injury QB Emory Jones.,https://x.com/AdamSchefter/status/1957454503956869181,,88,74,785732
1957453043936501799,AdamSchefter,Mon Aug 18 14:42:28 +0000 2025,"For the Falcons‚Äô preseason finale Friday vs. the Cowboys, QBs Michael Penix Jr. and Kirk Cousins will not play, QB Emory Jones is in concussion protocol, and Atlanta now has signed former Dallas QB Ben DiNucci.",https://x.com/AdamSchefter/status/1957453043936501799,,87,109,1255954
1957449079421632734,AdamSchefter,Mon Aug 18 14:26:42 +0000 2025,Browns EVP of Football Operations and General Manager Andrew Berry on the team‚Äôs decision to sign Isaiah Bond: https://t.co/t8DeCFgzeb,https://x.com/AdamSchefter/status/1957449079421632734,,59,127,473099
1957581258969506157,NFLInjuryNws,Mon Aug 18 23:11:56 +0000 2025,"RT @MikeGarafolo: The #Vikings are signing RB Xazavian Valladay, per his agent @thelawmvp. Former undrafted free agent of the #Texans was w‚Ä¶",https://x.com/NFLInjuryNws/status/1957581258969506157,,52,20,102369
1957577078368305448,NFLInjuryNws,Mon Aug 18 22:55:20 +0000 2025,RT @john_keim: List of players out tonight : https://t.co/agoNf9gt2p,https://x.com/NFLInjuryNws/status/1957577078368305448,,20,15,26037
1957577026883432468,NFLInjuryNws,Mon Aug 18 22:55:07 +0000 2025,"RT @Vikings: Good to be back out there.

ü´° @JJettas2 https://t.co/mXZ2jufHVv",https://x.com/NFLInjuryNws/status/1957577026883432468,,32,4,38861
1957564016215130193,NFLInjuryNws,Mon Aug 18 22:03:25 +0000 2025,"RT @AroundTheNFL: Dolphins expected to sign four-time Pro Bowl pass rusher Matt Judon to one-year deal for $6M max value, per @RapSheet + @‚Ä¶",https://x.com/NFLInjuryNws/status/1957564016215130193,,36,36,342506
1957559007515673030,NFLInjuryNws,Mon Aug 18 21:43:31 +0000 2025,"RT @RapSheet: The #Dolphins are expected to sign veteran edge Matthew Judon to a 1-year deal, source said, after a successful visit today.‚Ä¶",https://x.com/NFLInjuryNws/status/1957559007515673030,,339,142,963312
1957556592779358670,NFLInjuryNws,Mon Aug 18 21:33:56 +0000 2025,RT @AdamSchefter: A PSA heading into tonight‚Äôs Monday Night Football matchup between Cincinnati and Washington: Commanders RB Jacory Croske‚Ä¶,https://x.com/NFLInjuryNws/status/1957556592779358670,,262,323,1592719
1957542418309358006,NFLInjuryNws,Mon Aug 18 20:37:36 +0000 2025,RT @Eagles: It's official‚ÄºÔ∏è We have acquired WR John Metchie III and a 2026 6th-round pick from the Texans in exchange for TE Harrison Brya‚Ä¶,https://x.com/NFLInjuryNws/status/1957542418309358006,,446,106,340262
1957542169767727565,NFLInjuryNws,Mon Aug 18 20:36:37 +0000 2025,"RT @Chiefs: We have signed Free Agents DE Owen Carney and LB Xander Mueller.

We have place DE Felix Anudike-Uzomah on Reserve/Injured.

We‚Ä¶",https://x.com/NFLInjuryNws/status/1957542169767727565,,119,39,117580
1957533737731654039,NFLInjuryNws,Mon Aug 18 20:03:06 +0000 2025,RT @chargers: Del‚ÄôShawn Phillips has passed his physical and returned to practice.,https://x.com/NFLInjuryNws/status/1957533737731654039,,26,17,76104
1957530994816516314,NFLInjuryNws,Mon Aug 18 19:52:12 +0000 2025,"RT @Colts: We have signed CB Xavien Howard, LB Jake Chaney and LB Joseph Vaughn.

We have also placed T Blake Freeland, LB Jacob Phillips a‚Ä¶",https://x.com/NFLInjuryNws/status/1957530994816516314,,44,39,126799
1957529553456291971,NFLInjuryNws,Mon Aug 18 19:46:29 +0000 2025,RT @RamsNFL: QB1. https://t.co/lMw26sI0xe,https://x.com/NFLInjuryNws/status/1957529553456291971,,191,40,64015
1957529223159246960,NFLInjuryNws,Mon Aug 18 19:45:10 +0000 2025,"RT @AroundTheNFL: Packers WR Romeo Doubs (back) returned to practice Monday

https://t.co/4VKmZz8wAG https://t.co/rAnn75Hrtf",https://x.com/NFLInjuryNws/status/1957529223159246960,,3,,19029
1957526415446036840,NFLInjuryNws,Mon Aug 18 19:34:01 +0000 2025,RT @Cardschatter: Gannon said ‚Äúwe‚Äôll see‚Äù whether any #AZCardinals starters will play against the Raiders in the preseason finale.,https://x.com/NFLInjuryNws/status/1957526415446036840,,5,1,7927
1957525967447957794,NFLInjuryNws,Mon Aug 18 19:32:14 +0000 2025,"RT @CameronWolfe: Dolphins RB De‚ÄôVon Achane injury is his calf, per HC Mike McDaniel. They don‚Äôt want it to linger so he likely won‚Äôt pract‚Ä¶",https://x.com/NFLInjuryNws/status/1957525967447957794,,21,5,39198
1957525269142753283,NFLInjuryNws,Mon Aug 18 19:29:27 +0000 2025,"RT @rayfitt1: Mike Tomlin said the injury to Christian Kuntz is short term, not long term.",https://x.com/NFLInjuryNws/status/1957525269142753283,,15,1,18951
1957525199974461557,NFLInjuryNws,Mon Aug 18 19:29:11 +0000 2025,"RT @MikeReiss: Additional context on WR Efton Chism III, who didn‚Äôt practice after having his foot/ankle looked at Saturday by athletic tra‚Ä¶",https://x.com/NFLInjuryNws/status/1957525199974461557,,40,18,48418
1957525154441150577,NFLInjuryNws,Mon Aug 18 19:29:00 +0000 2025,RT @AdamSchefter: Dolphins injury update:,https://x.com/NFLInjuryNws/status/1957525154441150577,,51,71,902942
1957525090922557695,NFLInjuryNws,Mon Aug 18 19:28:45 +0000 2025,RT @Marcel_LJ: Dolphins coach Mike McDaniel said Dolphins RB De'Von Achane is dealing with a calf injury and likely will not practice this‚Ä¶,https://x.com/NFLInjuryNws/status/1957525090922557695,,49,29,1231217
1957524190506152423,NFLInjuryNws,Mon Aug 18 19:25:10 +0000 2025,"RT @AroundTheNFL: Vikings WR Justin Jefferson (hamstring)  to begin practicing this week

https://t.co/K5ESs0THYR https://t.co/EgWaHZPvlY",https://x.com/NFLInjuryNws/status/1957524190506152423,,6,1,19706
1957521886784709051,NFLInjuryNws,Mon Aug 18 19:16:01 +0000 2025,RT @AroundTheNFL: Bengals listening to Trey Hendrickson trade offers: Revisiting potential landing spots for star pass rusher (via @TheNick‚Ä¶,https://x.com/NFLInjuryNws/status/1957521886784709051,,3,6,20207
1957611012653502667,MikeGarafolo,Tue Aug 19 01:10:10 +0000 2025,"RT @HollowayNFLN: Today on The Insiders:

1Ô∏è‚É£ Browns name Joe Flacco starting QB
üèà Matt Stafford returns to practice 
ü§† We talk Cowboys w/‚Ä¶",https://x.com/MikeGarafolo/status/1957611012653502667,,18,16,186229
1957581204477051263,MikeGarafolo,Mon Aug 18 23:11:43 +0000 2025,"The #Vikings are signing RB Xazavian Valladay, per his agent @thelawmvp. Former undrafted free agent of the #Texans was with the #Saints from last November to though this spring. Now headed to Minnesota. https://t.co/o9LH3Kfj8L",https://x.com/MikeGarafolo/status/1957581204477051263,,52,20,102369
1957559220401815651,MikeGarafolo,Mon Aug 18 21:44:22 +0000 2025,"RT @RapSheet: The #Dolphins are expected to sign veteran edge Matthew Judon to a 1-year deal, source said, after a successful visit today.‚Ä¶",https://x.com/MikeGarafolo/status/1957559220401815651,,339,142,963312
1957509683251409167,MikeGarafolo,Mon Aug 18 18:27:31 +0000 2025,"Amid speculation about his future with the #Commanders, RB Brian Robinson Jr. will not play tonight against the #Bengals, sources say. It‚Äôs a mutual decision between Robinson and the team, as a trade before the cut to the 53-man roster remains a possibility. https://t.co/jFCtzGbXob",https://x.com/MikeGarafolo/status/1957509683251409167,,243,98,1813306
1957488011194827185,MikeGarafolo,Mon Aug 18 17:01:24 +0000 2025,"RT @Browns: Joe Cool leading the way ü´°

We've named Joe Flacco our starting quarterback.",https://x.com/MikeGarafolo/status/1957488011194827185,,839,676,1235117
1957487944320831535,MikeGarafolo,Mon Aug 18 17:01:08 +0000 2025,Joe Flacco never really got pushed. Was the clear QB1 for the #Browns all the way through the summer.,https://x.com/MikeGarafolo/status/1957487944320831535,,15,17,59988
1957448633541882005,MikeGarafolo,Mon Aug 18 14:24:56 +0000 2025,"A.J. Brown remains sidelined for the #Eagles, as they take their time to make sure he doesn‚Äôt suffer any setbacks.",https://x.com/MikeGarafolo/status/1957448633541882005,,14,8,73510
1957448222017802623,MikeGarafolo,Mon Aug 18 14:23:18 +0000 2025,"Xavien Howard to the #Colts, per his agent @davidcanter.",https://x.com/MikeGarafolo/status/1957448222017802623,,14,9,59889
1957435007015768245,MikeGarafolo,Mon Aug 18 13:30:47 +0000 2025,"This is reminiscent of when the #Cowboys fully guaranteed La‚Äôel Collins‚Äô deal as an undrafted free agent in 2015. That deal was for $1.6 million, which was comparable to a late second-round pick.",https://x.com/MikeGarafolo/status/1957435007015768245,,12,11,56443
1957433741627752478,MikeGarafolo,Mon Aug 18 13:25:46 +0000 2025,"At just over $3 million guaranteed, #Browns undrafted free agent Isaiah Bond gets a guarantee that fits in between the final pick of the second round ($4.2 million) and the first pick of the third round ($1.6 million). https://t.co/dwXPGlJddM",https://x.com/MikeGarafolo/status/1957433741627752478,,108,44,284578
1957430862888222919,MikeGarafolo,Mon Aug 18 13:14:19 +0000 2025,The #Browns took the last few days to do some more due diligence on Isaiah Bond. Cleveland and the undrafted receiver agreed to a deal today.,https://x.com/MikeGarafolo/status/1957430862888222919,,19,25,58074
1957127982608224269,MikeGarafolo,Sun Aug 17 17:10:47 +0000 2025,"RT @TomPelissero: With contract talks at an impasse, the #Bengals are listening to trade offers for four-time Pro Bowl DE Trey Hendrickson,‚Ä¶",https://x.com/MikeGarafolo/status/1957127982608224269,,523,351,2510803
1956884979578716432,MikeGarafolo,Sun Aug 17 01:05:10 +0000 2025,"Jaxson Dart is 26-for-35 for 291 yards, 2 passing TDs and 1 rushing TD over his first two games with the #Giants. More than anything, he‚Äôs passing the eye test of being in command. Good start. https://t.co/JKexgjpBN8",https://x.com/MikeGarafolo/status/1956884979578716432,,423,103,1364305
1956858182698930581,MikeGarafolo,Sat Aug 16 23:18:42 +0000 2025,"RT @mattbarrows: Kyle Shanahan says Dominick Puni has a possible PCL (knee) injury and might miss ""a few"" weeks.",https://x.com/MikeGarafolo/status/1956858182698930581,,18,9,51533
1956857815965765734,MikeGarafolo,Sat Aug 16 23:17:14 +0000 2025,Stuck between the moon(ball) and New York City. https://t.co/bOXOUJPfvT,https://x.com/MikeGarafolo/status/1956857815965765734,,42,25,150002
1956836302109741394,MikeGarafolo,Sat Aug 16 21:51:45 +0000 2025,"Chase Lucas, former seventh-round pick of the #Lions, has been flashing in camp and the preseason for the #49ers. https://t.co/HBf2WAhy3k",https://x.com/MikeGarafolo/status/1956836302109741394,,21,14,94747
1956830512552522190,MikeGarafolo,Sat Aug 16 21:28:45 +0000 2025,"RT @CameronWolfe: Dolphins RB De‚ÄôVon Achane has a soft tissue lower body injury that will keep him out between ‚Äúdays &amp; weeks‚Äù, HC Mike McDa‚Ä¶",https://x.com/MikeGarafolo/status/1956830512552522190,,114,77,650296
1956822422960631915,MikeGarafolo,Sat Aug 16 20:56:36 +0000 2025,Jeff Wilson Jr. back in a #49ers uniform and back in the end zone. https://t.co/YwtaPH22Nl,https://x.com/MikeGarafolo/status/1956822422960631915,,8,7,29465
1956815149148655632,MikeGarafolo,Sat Aug 16 20:27:42 +0000 2025,#Raiders RB Ashton Jeanty in the medical tent. Took a shot that last drive and was shaking his arm as he came off the field.,https://x.com/MikeGarafolo/status/1956815149148655632,,89,59,373849
1956815434948489709,MikeGarafolo,Sat Aug 16 20:28:50 +0000 2025,"Now out and, from what the broadcast showed briefly, seems to be OK.",https://x.com/MikeGarafolo/status/1956815434948489709,,6,2,64489
1956816473982382255,MikeGarafolo,Sat Aug 16 20:32:57 +0000 2025,Jeanty back in and running defenders over. Definitely OK.,https://x.com/MikeGarafolo/status/1956816473982382255,,13,4,46864
1957610191903465679,ESPNNFL,Tue Aug 19 01:06:55 +0000 2025,.@saltersl on the latest with Commanders RB Brian Robinson Jr. ‚úçÔ∏è https://t.co/SUmATqS6Qm,https://x.com/ESPNNFL/status/1957610191903465679,,6,13,37301
1957545644094042377,ESPNNFL,Mon Aug 18 20:50:25 +0000 2025,"""I'm concerned because it's stupid.""

@mspears96 and @AdamSchefter break down the issues behind Terry McLaurin's contract negotiations üëÄ https://t.co/nSnTwPf5TY",https://x.com/ESPNNFL/status/1957545644094042377,,91,43,105153
1957539705718747296,ESPNNFL,Mon Aug 18 20:26:49 +0000 2025,"""They just didn't want to make a hard decision.""

@Realrclark25 explains how the Browns still have a big gap to fill at QB despite naming Joe Flacco as the starter ‚úçÔ∏è https://t.co/9DAHiIKOta",https://x.com/ESPNNFL/status/1957539705718747296,,51,93,82905
1957487840750625037,ESPNNFL,Mon Aug 18 17:00:44 +0000 2025,RT @AdamSchefter: Sources: Browns are naming Joe Flacco as their Week 1 starting quarterback vs. the Cincinnati Bengals. https://t.co/XND3Y‚Ä¶,https://x.com/ESPNNFL/status/1957487840750625037,,952,1012,4339382
1957186621469855811,ESPNNFL,Sun Aug 17 21:03:47 +0000 2025,"RT @ESPNFantasy: Fantasy football league goals ü§© 

(via lucas.cochran6/TT) https://t.co/ZzuUzp0R2Z",https://x.com/ESPNNFL/status/1957186621469855811,,128,37,387894
1957171932937269669,ESPNNFL,Sun Aug 17 20:05:25 +0000 2025,The defending champs' WR room just got bigger üò® https://t.co/NlFYP9G6FK,https://x.com/ESPNNFL/status/1957171932937269669,,554,115,464652
1957171571292062056,ESPNNFL,Sun Aug 17 20:03:59 +0000 2025,"RT @AdamSchefter: With Carolina QB Andy Dalton nursing an elbow injury, the Panthers are signing reigning UFL MVP QB Bryce Perkins. https:/‚Ä¶",https://x.com/ESPNNFL/status/1957171571292062056,,702,216,2046454
1957161488956702725,ESPNNFL,Sun Aug 17 19:23:55 +0000 2025,"Breaking: The Houston Texans are sending WR John Metchie III to the Philadelphia Eagles, per @AdamSchefter. 

Get breaking news alerts from Adam Schefter through the ESPN app: https://t.co/XmaUXUsNGc https://t.co/wdqHdqqbXk",https://x.com/ESPNNFL/status/1957161488956702725,,134,32,148125
1957134178522390694,ESPNNFL,Sun Aug 17 17:35:24 +0000 2025,RT @ESPNFantasy: Tier 1 running backs üí™ https://t.co/KcmxHqmaxw,https://x.com/ESPNNFL/status/1957134178522390694,,8,23,80880
1956865048728760665,ESPNNFL,Sat Aug 16 23:45:59 +0000 2025,"RT @ESPNFantasy: Emeka Egbuka's first TD in a Buccaneers uniform üî• 

(via @Buccaneers)
https://t.co/HnuFePiLAp",https://x.com/ESPNNFL/status/1956865048728760665,,24,17,62122
1956860792176857582,ESPNNFL,Sat Aug 16 23:29:04 +0000 2025,"RT @ESPNFantasy: WHAT A CATCH BY BUCKY IRVING ü§© 

(via @Buccaneers)
https://t.co/UZANiFUQQ6",https://x.com/ESPNNFL/status/1956860792176857582,,25,16,65242
1956825791800483939,ESPNNFL,Sat Aug 16 21:09:59 +0000 2025,"RT @ESPNFantasy: We celebrated with a fantasy football league that is 50 years old üèà 

What it's all about ‚ù§Ô∏è https://t.co/3orQ3w94yb",https://x.com/ESPNNFL/status/1956825791800483939,,15,15,68848
1956819691583799343,ESPNNFL,Sat Aug 16 20:45:45 +0000 2025,"RT @ESPNFantasy: ASHTON JEANTY COMING THROUGH üò§ 

(via @Raiders)
https://t.co/nwZ0Ze4sYq",https://x.com/ESPNNFL/status/1956819691583799343,,142,65,300493
1956798444187591029,ESPNNFL,Sat Aug 16 19:21:19 +0000 2025,"Quinn Ewers' first TD of the NFL preseason üî• 

(via @miamidolphins) https://t.co/7eWFN8hniM",https://x.com/ESPNNFL/status/1956798444187591029,,27,12,42435
1956793619836264855,ESPNNFL,Sat Aug 16 19:02:09 +0000 2025,"Only right for the hometown kid to take it to the house üî• 

Isaac TeSlaa even hit the hometown celly üò§ (via @nfl) https://t.co/JFq6qGoYku",https://x.com/ESPNNFL/status/1956793619836264855,,30,16,49402
1956774185323143535,ESPNNFL,Sat Aug 16 17:44:55 +0000 2025,"THE ROOKIE PICK-SIX üî• 

Andrew Mukuba picks off Dillon Gabriel to get Philly on the board üò§ (via @eagles)
 https://t.co/vtM02VYU3g",https://x.com/ESPNNFL/status/1956774185323143535,,61,27,58863
1956543136815079521,ESPNNFL,Sat Aug 16 02:26:49 +0000 2025,"Charbonnet runs it in to put Seattle on the board üò§  (via @Seahawks)

https://t.co/jVGPa9qG3i",https://x.com/ESPNNFL/status/1956543136815079521,,18,16,50678
1956465566895489223,ESPNNFL,Fri Aug 15 21:18:35 +0000 2025,"""Its one thing to be given the world's best ingredients, but a chef has to know how to use them.""

@minakimes explains why John Morton‚Äôs offensive scheming will be crucial ‚úçÔ∏è https://t.co/Ae8aLI07y2",https://x.com/ESPNNFL/status/1956465566895489223,,23,22,101075
1956421662947123236,ESPNNFL,Fri Aug 15 18:24:07 +0000 2025,RT @PatMcAfeeShow: We‚Äôve got some BIG names playing in the preseason this weekend #PMSLive https://t.co/vyBy99SrOk,https://x.com/ESPNNFL/status/1956421662947123236,,15,12,115178
1956105712121102453,ESPNNFL,Thu Aug 14 21:28:39 +0000 2025,"RT @espn: Beyonc√© is officially an Emmy Award winner after her 2024 NFL Christmas Day ""Beyonc√© Bowl"" halftime performance won for outstandi‚Ä¶",https://x.com/ESPNNFL/status/1956105712121102453,,55,116,601225
100930011699228672,CBSSportsNFL,Tue Aug 09 14:02:44 +0000 2011,Looking for CBSSports.com's top-shelf NFL coverage? Come follow us @EyeOnNFL,https://x.com/CBSSportsNFL/status/100930011699228672,,,,
1957631816657170719,NFL,Tue Aug 19 02:32:50 +0000 2025,"summary of Jayden Daniels' one drive:
üé∂ scorrrrrin', flyyyyin' https://t.co/PNjLoY7GzK",https://x.com/NFL/status/1957631816657170719,,24,52,77337
1957623844237373865,NFL,Tue Aug 19 02:01:10 +0000 2025,"The rookie Jaylin Lane showing off the hands üôå

Watch on ESPN
Stream on @NFLPlus and ESPN+ https://t.co/SedtP7nMon",https://x.com/NFL/status/1957623844237373865,,77,51,119476
1957622400205615464,NFL,Tue Aug 19 01:55:25 +0000 2025,making the most of an opportunity üëè @MitchTinsley15 https://t.co/iGIn73qSvy,https://x.com/NFL/status/1957622400205615464,,88,51,119211
1957618148880052659,NFL,Tue Aug 19 01:38:32 +0000 2025,poetry in the end zone üî• https://t.co/XQRBrIytbe,https://x.com/NFL/status/1957618148880052659,,212,58,155105
1957617806851375142,NFL,Tue Aug 19 01:37:10 +0000 2025,"MITCH. TINSLEY. AGAIN.

Watch on ESPN
Stream on @NFLPlus and ESPN+ https://t.co/lsOpLpMTDt",https://x.com/NFL/status/1957617806851375142,,215,79,214013
1957617600441254305,NFL,Tue Aug 19 01:36:21 +0000 2025,"Barrett Carter with the interception for the @Bengals defense! 

Watch on ESPN
Stream on @NFLPlus and ESPN+ https://t.co/lR1Zu5xDxw",https://x.com/NFL/status/1957617600441254305,,150,47,151186
1957617280990474303,NFL,Tue Aug 19 01:35:05 +0000 2025,what a throw and catch üí∞ https://t.co/gtm7vQnTRz,https://x.com/NFL/status/1957617280990474303,,78,47,120710
1957616779188138143,NFL,Tue Aug 19 01:33:05 +0000 2025,"Have a drive, Mitch Tinsley!

His third catch of the drive is a TD üôå

Watch on ESPN
Stream on @NFLPlus and ESPN+ https://t.co/67SMjWO3v8",https://x.com/NFL/status/1957616779188138143,,102,33,132673
1957616112159666291,NFL,Tue Aug 19 01:30:26 +0000 2025,"Mitch Tinsley showing off the concentration üëÄ

Watch on ESPN
Stream on @NFLPlus and ESPN+ https://t.co/qNsdwO6KiT",https://x.com/NFL/status/1957616112159666291,,65,38,117069
1957615833091543429,NFL,Tue Aug 19 01:29:20 +0000 2025,"Jake Browning goes to Mitch Tinsley for 23 yards!

Watch on ESPN
Stream on @NFLPlus and ESPN+ https://t.co/OJiLeAo0pz",https://x.com/NFL/status/1957615833091543429,,38,30,112079
1957611830278492623,NFL,Tue Aug 19 01:13:25 +0000 2025,"""I wanted to score."" 

Jayden Daniels just being honest üòÖ https://t.co/3JPuSfBjzx",https://x.com/NFL/status/1957611830278492623,,130,76,150440
1957610351802863925,NFL,Tue Aug 19 01:07:33 +0000 2025,"Tycen Anderson picks it off for the @Bengals!

Watch on ESPN
Stream on @NFLPlus and ESPN+ https://t.co/wTi732W8Om",https://x.com/NFL/status/1957610351802863925,,65,71,194904
1957609144128856357,NFL,Tue Aug 19 01:02:45 +0000 2025,throw accuracy üíØ https://t.co/KR0voQ5aPI,https://x.com/NFL/status/1957609144128856357,,153,96,215637
1957608270333616579,NFL,Tue Aug 19 00:59:16 +0000 2025,"Joe Burrow with a dart to Charlie Jones for six! üéØ

Watch on ESPN
Stream on @NFLPlus and ESPN+ https://t.co/71FYimTSSP",https://x.com/NFL/status/1957608270333616579,,108,78,165949
1957604734841303482,NFL,Tue Aug 19 00:45:13 +0000 2025,Bill needed to make sure he got the ball after that one. With a little help from Jayden Daniels üòÇ https://t.co/fApEcRdPMa,https://x.com/NFL/status/1957604734841303482,,81,55,152905
1957604275825381855,NFL,Tue Aug 19 00:43:24 +0000 2025,"Rookie Jacory Croskey-Merritt goes by ""Bill""

Bill just went 27 yards to the üè†

Watch on ESPN
Stream on @NFLPlus and ESPN+ https://t.co/UD9tot9Iau",https://x.com/NFL/status/1957604275825381855,,184,101,318817
1957602043352477825,NFL,Tue Aug 19 00:34:32 +0000 2025,big smiles and big hugs after that one üòÉ https://t.co/FcFLD7U8Eg,https://x.com/NFL/status/1957602043352477825,,90,60,180333
1957601029689889104,NFL,Tue Aug 19 00:30:30 +0000 2025,"Confirmed: Jayden Daniels is still ELECTRIC ‚ö°Ô∏è

Watch on ESPN
Stream on @NFLPlus and ESPN+ https://t.co/oiFlJfX4XP",https://x.com/NFL/status/1957601029689889104,,503,211,443267
1957600724629745765,NFL,Tue Aug 19 00:29:17 +0000 2025,"Chris Rodriguez Jr. gets loose for the big gain!

Watch on ESPN
Stream on @NFLPlus and ESPN+ https://t.co/dBKeXjgPpl",https://x.com/NFL/status/1957600724629745765,,127,66,178041
1957600299310547371,NFL,Tue Aug 19 00:27:36 +0000 2025,"DEEEEBO! His first touch goes for 19 yards!

Watch on ESPN
Stream on @NFLPlus and ESPN+ https://t.co/Pw5J0WddDz",https://x.com/NFL/status/1957600299310547371,,195,112,281564
1957560846063923316,nflnetwork,Mon Aug 18 21:50:50 +0000 2025,"RT @TomPelissero: One year, up to $6 million for Matthew Judon with the #Dolphins, per source.",https://x.com/nflnetwork/status/1957560846063923316,,114,42,433017
1957559826239959508,nflnetwork,Mon Aug 18 21:46:46 +0000 2025,"RT @RapSheet: The #Dolphins are expected to sign veteran edge Matthew Judon to a 1-year deal, source said, after a successful visit today.‚Ä¶",https://x.com/nflnetwork/status/1957559826239959508,,339,142,963312
